" The customer does not exist in the system anymore.","Pelanggan ini sudah tidak ada lagi di sistem."
" The customer doesn't exist in the system anymore","Pelanggan ini sudah tidak ada lagi di sistem."
" [deleted]"," [terhapus]"
" and "," dan "
"%s (Default Template from Locale)","%s (Default Template from Locale)"
"%s cache type(s) disabled.","%s cache type(s) disabled."
"%s cache type(s) enabled.","%s cache type(s) enabled."
"%s cache type(s) refreshed.","%s cache type(s) refreshed."
"(Absolute path or Relative to Magento install root, ex. var/export)","(Path absolute atau Relative dari path installasi awal Magento, cth: var/export)"
"(For Type ""Local Server"" need to use relative path to Magento install var/export or var/import, e.g. var/export, var/import, var/export/some/dir, var/import/some/dir)","(For Type ""Local Server"" need to use relative path to Magento install var/export or var/import, e.g. var/export, var/import, var/export/some/dir, var/import/some/dir)"
"(For US 2-letter state names)","(Untuk AS gunakan 2 huruf untu negara bagian)"
"(If left empty will be auto-generated)","(Jika ditinggalkan kosong akan digenerate secara otomatis)"
"(Leave empty for first spreadsheet)","(Tinggalkan kosong untuk spreadsheet pertama)"
"(Products will be added/updated to this store if 'store' column is blank or missing in the import file.)","(Produk akan ditambah/diubah pada toko ini jika kolom 'toko' dibiarkan kosong atau hilang pada file import.)"
"(Shift-)Click or drag to change value","(Shift-)Click or drag to change value"
"(Starting with)","(Dimulai dengan)"
"(When 'No', only mapped fields will be imported. When mapping, use 'column1', 'column2', etc.)","(Ketika 'Tidak', hanya field yang dipetakan yang akan diimport. Ketika memetakan, gunakan 'column1', 'column2', etc.)"
"(You have to increase php memory_limit before changing this value)","(You have to increase php memory_limit before changing this value)"
"(\\t for tab)","(\\t untuk tab)"
"* - If indexing is in progress, it will be killed and new indexing process will start","* - If indexing is in progress, it will be killed and new indexing process will start"
"* - If indexing is in progress, it will be killed and new indexing process will start.","* - If indexing is in progress, it will be killed and new indexing process will start."
"* Required Fields","* Bidang Yang Harus Diisi"
"- Click on any of the time parts to increase it","- Click on any of the time parts to increase it"
"- Hold mouse button on any of the above buttons for faster selection.","- Hold mouse button on any of the above buttons for faster selection."
"- Use the %s buttons to select month","- Use the %s buttons to select month"
"- Use the %s, %s buttons to select month","- Use the %s, %s buttons to select month"
"- Use the %s, %s buttons to select year","- Use the %s, %s buttons to select year"
"- or Shift-click to decrease it","- or Shift-click to decrease it"
"- or click and drag for faster selection.","- or click and drag for faster selection."
"-- Not Selected --","-- Tidak dipilih --"
"-- Please Select --","-- Silahkan Pilih --"
"-- Please Select Billing Agreement--","-- Silahkan Pilih Perjanjian Penagihan--"
"-- Please Select a Category --","-- Silahkan Pilih Kategori --"
"-- Please select --","-- Silahkan Pilih --"
"-- Please select a category --","-- Silahkan pilih kategori --"
"--Please Select--","--Silahkan Pilih--"
"1 Hour","1 Hour"
"12 Hours","12 Hours"
"12h AM/PM","12h AM/PM"
"2 Hours","2 Hours"
"24 Hours","24 Hours"
"24h","24h"
"2YTD","2YTD"
"6 Hours","6 Hours"
"<h1 class=""page-heading"">404 Error</h1><p>Page not found.</p>","<h1 class=""page-heading"">404 Error</h1><p>Halaman tidak ditemukan..</p>"
"<h1 class=""page-heading"">Access denied</h1><p>Access denied.</p>","<h1 class=""page-heading"">Akses ditolak</h1><p>Akses ditolak.</p>"
"<strong>%s</strong> requests access to your account","<strong>%s</strong> requests access to your account"
"<strong>Attention</strong>: Captcha is case sensitive.","<strong>Attention</strong>: Captcha is case sensitive."
"A new password was sent to your email address. Please check your email and click Back to Login.","A new password was sent to your email address. Please check your email and click Back to Login."
"A user with the same user name or email aleady exists.","A user with the same user name or email aleady exists."
"API Key","API Key"
"API Key Confirmation","API Key Confirmation"
"API Stability","Stabilitas API"
"API Version","Versi API"
"API:","API:"
"ASCII","ASCII"
"Abandoned Carts","Abandoned Carts"
"About the calendar","About the calendar"
"Access Denied","Access Denied"
"Access Denied.","Akses Ditolak."
"Access Deny","Akses Ditolak"
"Access denied","Akses Ditolak"
"Access denied.","Akses Ditolak."
"Account Created in:","Akun Dibuat di:"
"Account Created on (%s):","Account Created on (%s):"
"Account Created on:","Akun Dibuat pada:"
"Account Information","Informasi Akun"
"Account Status","Status Akun"
"Account status","Status Akun"
"Account successfully saved","Akun telah berhasil disimpan"
"Action","Aksi"
"Actions","Aksi"
"Actions XML","Aksi XML"
"Active","Aktif"
"Add","Tambah"
"Add Contents Path","Tambah Contents Path"
"Add Exception","Tambah Exception"
"Add Field Mapping","Tambah Peta Field"
"Add Field with URL:","Tambah Field with URL:"
"Add Maintainer","Tambah Maintainer"
"Add New","Tambah baru"
"Add New Block","Tambah Blok baru"
"Add New Image","Tambah Gambar Baru"
"Add New Profile","Tambah Profile Baru"
"Add New Role","Tambah Aturan Baru"
"Add New Template","Tambah Template Baru"
"Add New URL Rewrite","Add URL Rewrite baru"
"Add New Urlrewrite","Tambah Urlrewrite Baru"
"Add New User","Tambah User Baru"
"Add New Variable","Tambah variable baru"
"Add New osCommerce Profile","Tambah osCommerce Profile baru"
"Add PHP Extension dependency","Tambah PHP Extension dependency"
"Add Package dependency","Tambah Package dependency"
"Add Products","Tambah Produk"
"Add Subpackage dependency","Tambah Subpackage dependency"
"Add URL Rewrite","ATambahdd URL Rewrite"
"Add URL Rewrite for a Category","Tambah URL Rewrite for a Category"
"Add URL Rewrite for a Product","Tambah URL Rewrite for a Product"
"Add Urlrewrite","Tambah Urlrewrite"
"Add Urlrewrite for a Category","Tambah Urlrewrite for a Category"
"Add Urlrewrite for a Product","Tambah Urlrewrite for a Product"
"Add after","Tambah after"
"Add new Role","Tambah aturan baru"
"Add new store view map","Tambah store view map baru"
"Add new variable","Tambah variable baru"
"Add new website map","Tambah website map baru"
"Add to category","Tambah to category"
"Additional Cache Management","Additional Cache Management"
"Address Type:","Tipe Alamat:"
"Admin","Admin"
"Advanced Admin Section","Advanced Admin Section"
"Advanced Profiles","Pofil Lanjutan"
"Advanced Section","Advanced Section"
"After authorization application will have access to you account.","After authorization application will have access to you account."
"Aggregate Order","Pemesanan Agregasi"
"All","Semua"
"All Allowed Countries","Semua Negara yang Diperbolehkan"
"All Cache","Semua Cache"
"All Files","Semua Filed"
"All Reviews","Semua Reviews"
"All Store Views","Semua Tampilan Toko"
"All Storefronts","Semua Storefronts"
"All Tags","Semua Tag"
"All Websites","Semua Website"
"All countries","Semua Negara"
"All fields","Semua Filed"
"All possible rates were fetched, click on ""Save"" to apply","Semua kemungkinan nilai tukar dimasukkan, klik pada 'Simpan' untuk menerapkan"
"All possible rates were fetched, please click on ""Save"" to apply","All possible rates were fetched, please click on ""Save"" to apply"
"All rates were fetched, click on ""Save"" to apply","Semua nilai tukar dimasukkan, klik pada 'Simpan' untuk menerapkan"
"All rates were fetched, please click on ""Save"" to apply","All rates were fetched, please click on ""Save"" to apply"
"All valid rates have been saved.","All valid rates have been saved."
"All valid rates successfully saved","Semua nilai tukar telah berhasil disimpan"
"Allowed","Allowed"
"Already in category","Already in kategori"
"Always (during development)","Always (during development)"
"Amounts","Senilai"
"An error has occured while syncronizing media storages.","An error has occured while syncronizing media storages."
"An error occurred while clearing the JavaScript/CSS cache.","An error occurred while clearing the JavaScript/CSS cache."
"An error occurred while clearing the configurable swatches image cache.","An error occurred while clearing the configurable swatches image cache."
"An error occurred while clearing the image cache.","An error occurred while clearing the image cache."
"An error occurred while deleting URL Rewrite.","An error occurred while deleting URL Rewrite."
"An error occurred while deleting email template data. Please review log and try again.","An error occurred while deleting email template data. Please review log and try again."
"An error occurred while deleting record(s).","An error occurred while deleting record(s)."
"An error occurred while deleting this role.","An error occurred while deleting this role."
"An error occurred while deleting this set.","An error occurred while deleting this set."
"An error occurred while deleting this template.","An error occurred while deleting this template."
"An error occurred while finishing process. Please refresh the cache","An error occurred while finishing process. Please refresh the cache"
"An error occurred while rebuilding the CatalogInventory Stock Status.","An error occurred while rebuilding the CatalogInventory Stock Status."
"An error occurred while rebuilding the catalog index.","An error occurred while rebuilding the catalog index."
"An error occurred while rebuilding the flat catalog category.","An error occurred while rebuilding the flat catalog category."
"An error occurred while rebuilding the flat product catalog.","An error occurred while rebuilding the flat product catalog."
"An error occurred while rebuilding the search index.","An error occurred while rebuilding the search index."
"An error occurred while refreshing roles.","An error occurred while refreshing roles."
"An error occurred while refreshing the Catalog Rewrites.","An error occurred while refreshing the Catalog Rewrites."
"An error occurred while refreshing the Layered Navigation indices.","An error occurred while refreshing the Layered Navigation indices."
"An error occurred while refreshing the catalog rewrites.","An error occurred while refreshing the catalog rewrites."
"An error occurred while refreshing the layered navigation indices.","An error occurred while refreshing the layered navigation indices."
"An error occurred while saving URL Rewrite.","An error occurred while saving URL Rewrite."
"An error occurred while saving account.","An error occurred while saving account."
"An error occurred while saving review.","An error occurred while saving review."
"An error occurred while saving the customer.","An error occurred while saving the customer."
"An error occurred while saving this configuration:","An error occurred while saving this configuration:"
"An error occurred while saving this role.","An error occurred while saving this role."
"An error occurred while saving this template.","An error occurred while saving this template."
"An error occurred while updating the selected review(s).","An error occurred while updating the selected review(s)."
"Any","Apapun"
"Any Attribute Set","Set Atribut Apapun"
"Any Group","Kelompok Apapun"
"Any Status","Status Apapun"
"Any Store","Toko Apapun"
"Any Type","Tipe Apapun"
"Any Visibility","Tampilan Apapun"
"Any data created since the backup was made will be lost including admin users, customers and orders.","Any data created since the backup was made will be lost including admin users, customers and orders."
"Api Key","Api Key"
"Api Key Confirmation","Api Key Confirmation"
"Archive file name:","nama file arsip:"
"Are you sure that you want to delete this template?","Apakah anda yakin anda mau menghapus template ini?"
"Are you sure that you want to strip tags?","Apakah anda yakin anda mau menghilangkan tag?"
"Are you sure you want to do this?","Apakah anda yakin anada mau melakukan ini?"
"Are you sure you want to proceed?","Are you sure you want to proceed?"
"Are you sure you wish to INSTALL all selected packages?","Apakah anda yakin anda mau meng-INSTALL semua pake yang dipilih?"
"Are you sure you wish to UNINSTALL all selected packages?","Apakah anda yakin anda mau meng-UNINSTALL semua paket yang dipilih?"
"Are you sure you wish to UPGRADE all selected packages?","Apakah anda yakin anda mau MEMPERBAHARUI semua paket yang dipilih?"
"Area","Area"
"As low as:","As low as:"
"Assigned","Assigned"
"Associated Tags","Associated Tags"
"Attribute Set Name:","Nama Set Atribut:"
"Attribute set successfully saved.","Set atribut berhasil di simpan."
"Attribute set was successfully removed.","Set atribut telah berhasil dibuang."
"Attributes","Attributes"
"Authorization confirmed","Authorization confirmed"
"Authorize","Authorize"
"Authorize application","Authorize application"
"Authorized OAuth Tokens","Authorized OAuth Tokens"
"Automatic (equalize price ranges)","Automatic (equalize price ranges)"
"Automatic (equalize product counts)","Automatic (equalize product counts)"
"Available Products","Available Products"
"Available Version","Versi yang Ada"
"Average Order Amount","Nilai Rata-rata Pemesanan"
"Average Orders","Pemesanan Rata-rata"
"BINARY","BINARY"
"Back","Kembali"
"Back to Login","kembali ke Login"
"Back to local packages","Kembali ke paket lokal"
"Backup","Backup"
"Backup Name","Backup Name"
"Backup options","Backup options"
"Backup record was deleted","Record backup berhasil dihapus"
"Backup successfully created","Backup berhasil dibuat"
"Backups","Backup"
"Base currency","Mata Uang Dasar"
"Bcc","Bcc"
"Bestsellers","Terlaris"
"Big Image","Gambar Besar"
"Billing Address","Alamat Penagihan"
"Billing Address: ","Alamat Penagihan: "
"Billing Agreement","Perjanjian Penagihan"
"Billing Agreements","Perjanjian Penagihan"
"Billing address","Alamat tagihan"
"Block Details","Blok Details"
"Block Information","Blok Informasi"
"Block Name","Blok Nama"
"Block Name is incorrect.","Blok Nama is incorrect."
"Block Name is required field.","Blok Nama is required field."
"Block has been deleted.","Blok has been deleted."
"Blocks","Blok"
"Both (without and with tax)","Keduanya (dengan atau tanpa pajak)"
"Both IPN and PDT","Both IPN and PDT"
"Browse Available Extensions","Jelajahi Ekstensi yang Ada"
"Browse Available Remote Extensions","Jelajahi Ekstensi Remote yang Ada"
"Browse Files...","Jelajahi File..."
"Bundle Items","Bundle Items"
"Bundle with dynamic pricing cannot include custom defined options. Options will not be saved.","Bundle with dynamic pricing cannot include custom defined options. Options will not be saved."
"By Email","By Email"
"By IP","By IP"
"By IP and Email","By IP and Email"
"CMS","CMS"
"CRITICAL","CRITICAL"
"CSV","CSV"
"CSV / Tab separated","CSV / dipisahkan oleh Tab"
"Cache Control","Cache Control"
"Cache Control (beta)","Cache Control (beta)"
"Cache Management","Cache Management"
"Cache Type","Cache Tipe"
"Can not add new comment.","Can not add new comment."
"Can not add tracking number.","Can not add tracking number."
"Can not delete tracking number.","Can not delete tracking number."
"Can not do credit memo for order","Can not do penyesuaian faktur for pesanan"
"Can not do invoice for order","Can not do faktur for pesanan"
"Can not do shipment for order.","Can not do pengiriman for pesanan."
"Can not initialize shipment for adding tracking number.","Can not initialize pengiriman for adding tracking number."
"Can not initialize shipment for delete tracking number.","Can not initialize pengiriman for delete tracking number."
"Can not load track with retrieving identifier.","Can not load track with retrieving identifier."
"Can not retrieve tracking number detail.","Can not retrieve tracking number detail."
"Can not save credit memo","Can not save penyesuaian faktur"
"Can not save invoice","Can not save faktur"
"Can not save shipment.","Can not save pengiriman."
"Can not send shipment information.","Can not send pengiriman information."
"Can not update item qty","Can not update item qty"
"Can't delete design change","Tidak dapat menghapus perubahan desain"
"Can't find email address.","Tidak dapat menemukan alamat email."
"Cancel","Cancel"
"Cancel detach","Cancel detach"
"Cannot add new comment.","Cannot add new comment."
"Cannot add tracking number.","Cannot add tracking number."
"Cannot create an invoice without products.","Cannot create an invoice without produk."
"Cannot create credit memo for the order.","Cannot create penyesuaian faktur for the pesanan."
"Cannot delete the design change.","Cannot delete the design change."
"Cannot delete tracking number.","Cannot delete tracking number."
"Cannot do shipment for the order separately from invoice.","Cannot do pengiriman for the pesanan separately from faktur."
"Cannot do shipment for the order.","Cannot do pengiriman for the order."
"Cannot initialize shipment for adding tracking number.","Cannot initialize pengiriman for adding tracking number."
"Cannot initialize shipment for delete tracking number.","Cannot initialize pengiriman for delete tracking number."
"Cannot load track with retrieving identifier.","Cannot load track with retrieving identifier."
"Cannot retrieve tracking number detail.","Cannot retrieve tracking number detail."
"Cannot save shipment.","Cannot save pengiriman."
"Cannot save the credit memo.","Cannot save the penyesuaian faktur."
"Cannot send shipment information.","Cannot send pengiriman information."
"Cannot update item quantity.","Cannot update item quantity."
"Cannot update the item\'s quantity.","Cannot update the item\'s quantity."
"Card Verification Number","Tidak dapat Memverifikasi Nomer Kartu."
"Catalog","Katalog"
"Catalog Price Rules","Catalog Price Rules"
"Catalog Rewrites","Catalog Rewrites"
"Catalog Rewrites was refreshed successfully","Catalog Rewrites was refreshed successfully"
"Catalog Rewrites were refreshed successfully","Catalog Rewrites were refreshed successfully"
"CatalogInventory Stock Status rebuild error. Please try again later","CatalogInventory Stock Status rebuild error. Please try again later"
"CatalogInventory Stock Status was rebuilt successfully","CatalogInventory Stock Status was rebuilt successfully"
"Categories","Categories"
"Category","Kategori"
"Category:","Kategori:"
"Changelog","Log Perubahan"
"Channel","Channel"
"Channel:","Channel:"
"Chart is disabled. If you want to enable chart, click <a href=""%s"">here</a>.","Chart is disabled. If you want to enable chart, click <a href=""%s"">here</a>."
"Checkbox","Checkbox"
"Child Transactions","Child Transactions"
"Choose Store View","Pilih Tampilan Toko"
"Choose Store View:","Choose Store View:"
"Choose an attribute","Pilih Atribut"
"Chosen category does not associated with any website, so url rewrite is not possible.","Chosen category does not associated with any website, so url rewrite is not possible."
"Chosen product does not associated with any website, so url rewrite is not possible.","Chosen product does not associated with any website, so url rewrite is not possible."
"Clear","Clear"
"Close","Close"
"Code","Code"
"Comment text field can not be empty.","Comment text field can not be empty."
"Comment text field cannot be empty.","Comment text field cannot be empty."
"Comments History","Comments History"
"Complete","Selesai"
"Config form fieldset clone model required to be able to clone fields","Config form fieldset clone model required to be able to clone fields"
"Configuration","Konfigurasi"
"Configuration successfully saved","Konfigurasi berhasil disimpan"
"Confirm New Password","Confirm New Password"
"Confirm token authorization Pop Up for admin","Confirm token authorization Pop Up for admin"
"Confirm token authorization for admin","Confirm token authorization for admin"
"Confirmation Of Authorization","Confirmation Of Authorization"
"Confirmed email:","Confirmed email:"
"Conflicts","Konflik"
"Connect with the Magento Community","Terhubung dengan Komunitas Magento"
"Contents","Konten"
"Continue","Continue"
"Convert to Plain Text","Konversi ke Teks"
"Cookie (Unsafe)","Cookie (Tidak Aman)"
"Cookie (unsafe)","Cookie (unsafe)"
"Country","Negara"
"Country:","Negara:"
"Coupon Code","Kode Kupon"
"Coupons","Kupon"
"Create","Create"
"Create DB Backup","Create DB Backup"
"Create Extension Package","Buat Paket Ekstensi"
"Create New Attribute","Buat Atribut Baru"
"Create New Staging Store View","Create New Staging Store View"
"Create URL Rewrite:","Create URL Rewrite:"
"Create Urlrewrite:","Create Urlrewrite:"
"Create a backup","Create a backup"
"Created <strong>%s</strong> items","Created <strong>%s</strong> items"
"Created At","Dibuat Pada"
"Creation date","Creation date"
"Credit Card %s","Credit Card %s"
"Credit Card Number","Nomer Kartu Kredit"
"Credit Card Number: xxxx-%s","Nomer Kartu Kredit: xxxx-%s"
"Credit Card Type","Tipe Kartu Kredit"
"Credit Card Type: %s","Tipe Kartu Kredit: %s"
"Credit Memo #%s comment added","Penyesuaian Faktur #%s comment added"
"Credit Memo #%s created","Penyesuaian Faktur #%s created"
"Credit Memo History","Sejarah Penyesuaian Faktur"
"Credit Memo Totals","Total Penyesuaian Faktur"
"Credit Memo cancel error.","Penyesuaian Faktur cancel error."
"Credit Memo total must be positive.","Penyesuaian Faktur total must be positive."
"Credit Memo void error","Penyesuaian Faktur void error"
"Credit Memo was successfully canceled.","Penyesuaian Faktur was successfully canceled."
"Credit Memo was successfully created","Penyesuaian Faktur was successfully created"
"Credit Memo was successfully voided","Penyesuaian Faktur was successfully voided"
"Credit Memos","Penyesuaian Faktur"
"Credit memo #%s comment added","Penyesuaian Faktur #%s comment added"
"Credit memo #%s created","Penyesuaian Faktur #%s created"
"Credit memo\'s total must be positive.","Penyesuaian Faktur total must be positive."
"Currency","Mata Uang Dasar"
"Currency ""%s"" is used as %s in %s.","Currency ""%s"" is used as %s in %s."
"Currency Information","Informasi Mata Uang"
"Currency Setup Section","Currency Setup Section"
"Current Admin Password","Current Admin Password"
"Current Configuration Scope:","Cakupan Konfigurasi Sekarang:"
"Current Month","Current Month"
"Current Release Information","Informasi Rilis Sekarang"
"Custom","Custom"
"Custom Variable ""%s""","Custom Variable ""%s"""
"Custom Variables","Custom Variables"
"Customer","Pelanggan"
"Customer Group:","Kelompok Pelanggan:"
"Customer Groups","Customer Groups"
"Customer Name","Nama Pelanggan"
"Customer Reviews","Customer Reviews"
"Customer Shopping Carts","Customer Shopping Carts"
"Customer Since:","Pelanggan Sejak:"
"Customer Tax Classes","Customer Tax Classes"
"Customer was deleted","Pelanggan telah dihapus"
"Customer was successfully saved","Pelanggan telah berhasil disimpan"
"Customer with the same email already exists.","Pelanggan dengan email yang sama sudah ada."
"Customers","Pelanggan"
"Customers by Number of Orders","Customers by Number of Orders"
"Customers by Orders Total","Customers by Orders Total"
"DHTML Date/Time Selector","DHTML Date/Time Selector"
"Dashboard","Dashboard"
"Data Format","Format Data"
"Data transfer:","Transfer data:"
"Database","Database"
"Dataflow - Advanced Profiles","Dataflow - Advanced Profiles"
"Dataflow - Profiles","Dataflow - Profiles"
"Date","Date"
"Date & Time","Date & Time"
"Date Added","Tanggal Ditambahkan"
"Date Updated","Tanggal Diperbaharui"
"Date selection:","Date selection:"
"Date selector","Pemilihan tanggal"
"Date:","Tanggal:"
"Day","Day"
"Decimal separator:","Decimal separator:"
"Default (Admin) Values","Nilai Acuan (Admin)"
"Default Billing Address","Default Billing Address"
"Default Config","Konfig Acuan"
"Default Template from Locale","Default Template from Locale"
"Default Values","Nilai Acuan (Admin)"
"Default display currency ""%s"" is not available in allowed currencies","Default display currency ""%s"" is not available in allowed currencies"
"Default display currency ""%s"" is not available in allowed currencies.","Default display currency ""%s"" is not available in allowed currencies."
"Default scope","Skope acuan"
"Delete","Hapus"
"Delete %s","Delete %s"
"Delete %s '%s'","Delete %s '%s'"
"Delete Block","Delete Blok"
"Delete File","Delete File"
"Delete Image","Delete Image"
"Delete Profile","Hapus Profile"
"Delete Role","Hapus Aturan"
"Delete Store","Delete Store"
"Delete Store View","Hapus Tampilan Toko"
"Delete Template","Hapus Template"
"Delete User","Hapus Pemakai"
"Delete Variable","Delete Variable"
"Delete Website","Hapus Website"
"Dependencies","Dependensi"
"Description","Deskripsi"
"Description:","Deskripsi:"
"Design","Desain"
"Design Section","Design Section"
"Design change deleted","Perubahan desain dihapus"
"Design change saved","Perubahan desain disimpan"
"Detach from category","Detach from kategori"
"Details","Details"
"Developer Section","Developer Section"
"Direction:","Arahan:"
"Disable","Dinonaktifkan"
"Disabled","Non Aktif"
"Discount Amount","Besaran Diskon"
"Display %s first","Display %s first"
"Display default currency","Tampilkan matauang acuan"
"Distributed under GNU LGPL. See %s for details.","Distributed under GNU LGPL. See %s for details."
"Do you really want to KILL parallel process and start new indexing process?","Do you really want to KILL parallel process and start new indexing process?"
"Do you really want to proceed?","Do you really want to proceed?"
"Done By:","Selesai Oleh:"
"Done by:","Selesai oleh:"
"Download","Download"
"Download Remote File","Download File Remote"
"Download SKUs","Download SKUs"
"Download and Install","Download dan Install"
"Downloading and installing $pkg, please wait...","Mendownload dan Menginstali $pkg, harap tunggu..."
"Downloads","Downloads"
"Drag to move","Drag to move"
"Drop-down","Drop-down"
"Edit","Ubah"
"Edit Block","Ubah blok"
"Edit Block '%s'","Ubah blok '%s'"
"Edit Design Change","Ubah Design Change"
"Edit Email Template","Ubah Template Email"
"Edit Order","Ubah Pesanan"
"Edit Poll","Ubah Kuisioner"
"Edit Queue","Ubah Queue"
"Edit Review","Ubah Review"
"Edit Role","Ubah Peraturan"
"Edit Store View","Ubah Tampilan Toko"
"Edit System Template","Ubah template Sistem"
"Edit Tag","Ubah Tag"
"Edit Template","Ubah Template"
"Edit URL Rewrite","Ubah URL Rewrite"
"Edit Urlrewrite","Ubah Urlrewrite"
"Edit User","Ubah Pemakai"
"Edit User '%s'","Ubah Pemakai '%s'"
"Edit Variable","Ubah Variable"
"Edit Variable '%s'","Ubah Variable '%s'"
"Edit Website","Ubah Website"
"Email","Email"
"Email Address:","Alamat Email:"
"Email Preview","Tamplan Email"
"Email address is empty.","Alamat email kosong."
"Email to a Friend","Email to a Friend"
"Email:","Email:"
"Enable","Aktifan"
"Enabled","Aktif"
"Enclose Values In:","Enclose Nilai di:"
"Enter a comma separated list of SKUs that will always be displayed at the top of your category","Enter a comma separated list of SKUs that will always be displayed at the top of your category"
"Entity Attributes","Entity Attributes"
"Entity Type","Tipe Entity"
"Entity type:","Tipe entity:"
"Error","Kesalahan"
"Error uploading the file","Kesalahan pada saat mengupload file"
"Error while cleared Image cache. Please try again later","Error while cleared Image cache. Please try again later"
"Error while create backup. Please try again later","Error while create backup. Please try again later"
"Error while deleting this role. Please try again later.","Kesalahan pada saat menghapus aturan ini. Silahkan coba lagi."
"Error while deleting this set.","Kesalahan pada saat menghapus set ini."
"Error while finished process. Please refresh cache","Error while finished process. Please refresh cache"
"Error while refreshed Catalog Rewrites. Please try again later","Error while refreshed Catalog Rewrites. Please try again later"
"Error while refreshed Layered Navigation Indices. Please try again later","Error while refreshed Layered Navigation Indices. Please try again later"
"Error while saving account. Please check all required fields","Error while saving account. Please check all required fields"
"Error while saving account. Please try again later","Kesalahan pada saat menyimpan akun. Silahkan coba lagi"
"Error while saving this configuration: ","Kesalahan pada saat menyimpan konfigurasi ini:"
"Error while saving this role. Please try again later.","Kesalahan pada saat menyimpan aturan ini. Silahkan coba lagi."
"Error while updating selected review(s). Please try again later.","Kesalahan pada saat memperbaharui review yang dipilih. Silahkan coba lagi."
"Excel XML","Excel XML"
"Excl. Tax","Excl. Tax"
"Excl. Tax:","Excl. Tax:"
"Exclude","Tidak disertakan"
"Exclude (comma separated)","Tidak disertakan (dipisahkan oleh koma)"
"Exclude media folder from backup","Exclude media folder from backup"
"Expiration Date","Tanggal Kadaluarsa"
"Expiration Date: %s/%s","Tanggal Kadaluarsa: %s/%s"
"Export","Export"
"Export CSV","Export CSV"
"Export Filters","Filter Export"
"Export to:","Export ke:"
"Export:","Export:"
"Extension","Ekstensi"
"Extension Name","Nama Ekstensi"
"Extensions","Ekstensi"
"FTP Host","FTP Host"
"FTP Host[:Port]","Host FTP[:Port]"
"FTP Login","FTP Login"
"FTP Password","FTP Password"
"FTP credentials","FTP credentials"
"Failed","Failed"
"Failed to add a product to cart by id ""%s""","Failed to add a produk to cart by id ""%s"""
"Failed to add a product to cart by id ""%s"".","Failed to add a produk to cart by id ""%s""."
"Failed to cancel the billing agreement.","Failed to cancel the perjanjian penagihan."
"Failed to clear the JavaScript/CSS cache.","Failed to clear the JavaScript/CSS cache."
"Failed to delete the billing agreement.","Failed to delete the perjanjian penagihan."
"Failed to load %1$s.xml or %1$s.ser","Failed to load %1$s.xml or %1$s.ser"
"Failed to update the profile.","Failed to update the profile."
"Field","Field"
"Field Mapping","Pemetaan Filed"
"File","File"
"File Information","Informasi File"
"File System","File System"
"File mode","File mode"
"File name:","Nama file:"
"File size should be more than 0 bytes","Ukuran file harus lebih dari 0 byte"
"Final Price","Final Price"
"Finished items creation.","Finished items creation."
"Finished profile execution.","Eksekusi profile selesai."
"First Invoice Created Date","First Faktur Created Date"
"First Name","Nama kecil"
"First Name is required field.","Nama kecil is required field."
"First Name:","Nama kecil:"
"Firstname","Nama kecil"
"Fixed","Fixed"
"Flat Catalog Category rebuild error","Flat Catalog Category rebuild error"
"Flat Catalog Category was rebuilt successfully","Flat Catalog Category was rebuilt successfully"
"Flat Catalog Product rebuild error. Please try again later","Flat Catalog Product rebuild error. Please try again later"
"Flat Catalog Product was rebuilt successfully","Flat Catalog Product was rebuilt successfully"
"Flush Catalog Images Cache","Flush Catalog Images Cache"
"Flush JavaScript/CSS Cache","Flush JavaScript/CSS Cache"
"Flush Swatch Images Cache","Flush Swatch Images Cache"
"For category","Untuk kategori"
"For latest version visit: %s","For latest version visit: %s"
"For product","For product"
"Forgot Admin Password","Forgot Admin Password"
"Forgot your password?","Lupa password anda?"
"Forgot your user name or password?","Lupa nama pemakai atau password anda?"
"From","Dari"
"GLOBAL","GLOBAL"
"Gb","Gb"
"General Information","Informasi Umum"
"General Section","General Section"
"Get Image Base64","Dapatkan Gambar Base64"
"Get help for this page","Dapatkan pertolongan untuk halaman ini"
"Give the verifier code to application administrator","Give the verifier code to application administrator"
"Global Attribute","Atribut Umum"
"Global Record Search","Pencari Rekord Global"
"Global Search","Global Search"
"Go Today","Go Today"
"Go to Top","Go to Top"
"Go to messages inbox","Go to messages inbox"
"Go to notifications","Go to notifications"
"Google Base","Google Base"
"Google Base Items","Google Base Items"
"Google Content","Google Content"
"Google Sitemaps","Google Sitemaps"
"Grand Total","Total Semuanya"
"Grid (default) / List","Kisi (acuan) / Daftar"
"Grid Only","Grid Only"
"Grid only","Hanya Kisi"
"Group:","Kelompok"
"Guest","Tamu"
"HTTP (unsecure)","HTTP (Tidak Aman)"
"HTTPS (SSL)","HTTPS (SSL)"
"Help Us Keep Magento Healthy - Report All Bugs","Bantu Kami Menjaga Magento - Laportkan Semua Bug"
"Helper attributes should not be used in custom layout updates.","Helper attributes should not be used in custom layout updates."
"Helper for options rendering doesn't implement required interface.","Helper for options rendering doesn't implement required interface."
"Hero Products","Hero Products"
"Home","Halaman Utama"
"ID","ID"
"ID Path","Path ID"
"IP Address","Alamat IP"
"IPN (Instant Payment Notification) Only","IPN (Instant Payment Notification) Only"
"Id","Id"
"If there is an account associated with %s you will receive an email with a link to reset your password.","If there is an account associated with %s you will receive an email with a link to reset your password."
"If this message persists, please contact the store owner.","If this message persists, please contact the store owner."
"If you do not specify an option value for a specific store view then the default (Admin) value will be used.","If you do not specify an option value for a specific store view then the default (Admin) value will be used."
"Ignore","Abaikan"
"Image cache was cleared successfully","Image cache was cleared successfully"
"Images","Gambar"
"Images (.gif, .jpg, .png)","Gambar (.gif, .jpg, .png)"
"Images Cache","Images Cache"
"Import","Import"
"Import Service","Servis Import"
"Import and Export","Import and Export"
"Import and Export Tax Rates","Import and Export Tax Rates"
"Import/Export","Import/Export"
"Import/Export Advanced","Import/Export Advanced"
"Import/Export Profile","Profile Import/Export"
"Important: ","Important: "
"Imported <strong>%s</strong> records","Record <strong>%s</strong> yang diimport"
"In","Di"
"In Database:","Di Database:"
"In File:","Di File:"
"Inactive","Tidak Aktif"
"Incl. Tax","Incl. Tax"
"Incl. Tax:","Incl. Tax:"
"Include","Sertakan"
"Incoming Message","Incoming Message"
"Individual Item","Barang Satuan"
"Insert Variable...","Insert Variable..."
"Install","Install"
"Install Package File","Install File Paket"
"Installed As","Install Sebagai"
"Installed Extension Info","Info Ekstensi yang Terinstall"
"Installed Version","Versi yang Terinstall"
"Installing $pkg, please wait...","Menginstall $pkg, harap tunggu..."
"Installing selected packages, please wait...","Mengisntall paket yang dipilih, harap tunggu..."
"Instant Payment Notification (IPN)","Instant Payment Notification (IPN)"
"Interactive","Interaktif"
"Interface Locale: %s","Interface Lokal: %s"
"Invalid Form Key. Please refresh the page.","Invalid Form Key. Please refresh the page."
"Invalid Import Service Specified","Import Servis yang Dispesifikasikan tidak Valid"
"Invalid POST data (please check post_max_size and upload_max_filesize settings in you php.ini file)","Invalid POST data (please check post_max_size and upload_max_filesize settings in you php.ini file)"
"Invalid POST data (please check post_max_size and upload_max_filesize settings in your php.ini file).","Invalid POST data (please check post_max_size and upload_max_filesize settings in your php.ini file)."
"Invalid Secret Key. Please refresh the page.","Invalid Secret Key. Please refresh the page."
"Invalid URL","URL tidak valid"
"Invalid User Name or Password.","Nama pemakai atau kata kunci tidak valid."
"Invalid Username or Password.","Nama pemakai atau kata kunci tidak valid"
"Invalid data","Invalid data"
"Invalid directory: %s","Direktori tidak Valid: %s"
"Invalid email address ""%s"".","Invalid email address ""%s""."
"Invalid email address.","Invalid email address."
"Invalid file extension used for log file. Allowed file extensions: log, txt, html, csv","Invalid file extension used for log file. Allowed file extensions: log, txt, html, csv"
"Invalid file: %s","File tidak Valid: %s"
"Invalid input data for %s => %s rate","Masukan data untuk nilai tukar %s => %s tidak valid"
"Invalid input:","Masukan Tidak Valid:"
"Invalid parent block for this block","Invalid parent blok for this blok"
"Invalid parent block for this block.","Invalid parent blok for this blok."
"Invalid parrent block for this block","Invalid parrent blok for this blok"
"Invalid password reset token.","Invalid password reset token."
"Invalid response","Invalid response"
"Invalid section value","Nilai seksi tidak valid"
"Invalid sender name ""%s"". Please use only visible characters and spaces.","Invalid sender name ""%s"". Please use only visible characters and spaces."
"Invalid store value","Nilai toko tidak valid"
"Invalid template path used in layout update.","Invalid template path used in layout update."
"Invalid timezone","Invalid timezone"
"Invalid website value","Nilai website tidak valid"
"Invalidated","Invalidated"
"Inventory Stock Status","Inventory Stock Status"
"Invoice #%s comment added","Komentar faktur #%s telah ditambahkan"
"Invoice #%s created","Faktur #%s telah dibuat"
"Invoice History","Sejarah Faktur"
"Invoice Totals","Total Faktur"
"Invoice and shipment was successfully created.","Faktur and shipment was successfully created."
"Invoice cancel error.","Faktur cancel error."
"Invoice canceling error.","Faktur canceling error."
"Invoice capture error","Faktur capture error"
"Invoice capturing error.","Faktur capturing error."
"Invoice void error","Faktur void error"
"Invoice voiding error.","Faktur voiding error."
"Invoice was successfully canceled.","Faktur was successfully canceled."
"Invoice was successfully captured","Faktur was successfully captured"
"Invoice was successfully created.","Faktur was successfully created."
"Invoice was successfully voided","Faktur was successfully voided"
"Invoices","Faktur"
"Is Allowed","Is Allowed"
"Is Allowed is required field.","Is Allowed is required field."
"Is Closed","Is Closed"
"Is Default","Is Default"
"Issue Number","Nomer Isu"
"Issuer: %s","Issuer: %s"
"Items","Barang"
"Items to merge","Items to merge"
"JavaScript seems to be disabled in your browser.","JavaScript seems to be disabled in your browser."
"JavaScript/CSS","JavaScript/CSS"
"JavaScript/CSS Cache","JavaScript/CSS Cache"
"Kb","Kb"
"Last 24 Hours","24 jam terakhir"
"Last 24 hours","24 jam terakhir"
"Last 5 Orders","5 pembelian terakhir"
"Last 5 Search Terms","5 istilah pencarian terakhir"
"Last 7 Days","7 hari terakhir"
"Last 7 days","7 hari terakhir"
"Last Credit Memo Created Date","Last Penyesuaian Faktur Created Date"
"Last Invoice Created Date","Last Faktur Created Date"
"Last Logged In (%s):","Last Logged In (%s):"
"Last Logged In:","Login terakhir di:"
"Last Month","Bulan Kemarin"
"Last Name","Nama keluarga"
"Last Name is required field.","Nama keluarga is required field."
"Last Name:","Nama keluarga:"
"Last updated: %s. To refresh last day\'s <a href=""%s"">statistics</a>, click <a href=""%s"">here</a>.","Last updated: %s. To refresh last day\'s <a href=""%s"">statistics</a>, click <a href=""%s"">here</a>."
"Lastname","Nama keluarga"
"Latest Message:","Latest Message:"
"Layered Navigation Indices","Layered Navigation Indices"
"Layered Navigation Indices was refreshed successfully","Layered Navigation Indices was refreshed successfully"
"Layered Navigation Indices were refreshed successfully","Layered Navigation Indices were refreshed successfully"
"Layered Navigation Indices were refreshed.","Layered Navigation Indices were refreshed."
"Layered Navigation indexing queue cancelled","Layered Navigation indexing queue cancelled"
"Layered Navigation indexing queued","Layered Navigation indexing queued"
"Layered Navigation process queued to be killed","Layered Navigation process queued to be killed"
"Leave empty to use tax identifier","Leave empty to use tax identifier"
"Level","Level"
"License","Lisensi"
"License URI","URL lisensi"
"License:","Lisensi:"
"Lifetime Sales","Penjualan Seumur Hidup"
"Lifetime statistics have been updated.","Lifetime statistics have been updated."
"Links","Links"
"Links with associated products will retain only after saving current product.","Links with associated products will retain only after saving current product."
"List (default) / Grid","Daftar (default) / Kisi"
"List Only","Hanya Daftar"
"List only","Hanya Daftar"
"Load Template","Load Template"
"Load default template","Load template acuan"
"Load local Package","Load local Package"
"Loading...","Loading..."
"Local Server","Server Lokal"
"Local/Remote Server","Server Lokal/Remote"
"Locale","Lokal"
"Log In","Log In"
"Log Out","Keluar"
"Log in to Admin Panel","Masuk ke Panel Admin"
"Log in to use <strong>%s</strong>","Log in to use <strong>%s</strong>"
"Log into Magento Admin Page","Masuk ke Halaman Admin Magento"
"Logged in as %s","Masuk sebagai %s"
"Login","Masuk"
"Low Stock","Low Stock"
"MAJOR","MAJOR"
"MINOR","MINOR"
"MS Excel XML","MS Excel XML"
"Magento Admin","Admin Magento"
"Magento Commerce - Administrative Panel","Magento Commerce - Panel Administrasi"
"Magento Connect","Magento Connect"
"Magento Connect Manager","Magento Connect Manager"
"Magento Logo","Logo Magento"
"Magento is a trademark of Irubin Consulting Inc. DBA Varien. Copyright &copy; %s Irubin Consulting Inc.","Magento adalah merek dagang dari Irubin Consulting Inc. DBA Varien. Hak mengkopi &copy; %s Irubin Consulting Inc."
"Magento is a trademark of Magento Inc. Copyright &copy; %s Magento Inc.","Magento is a trademark of Magento Inc. Copyright &copy; %s Magento Inc."
"Magento root directory","Magento root directory"
"Magento ver. %s","Magento ver. %s"
"Magento&trade; is a trademark of Irubin Consulting Inc. DBA Varien.<br/>Copyright &copy; %s Irubin Consulting Inc.","Magento&trade; is a trademark of Irubin Consulting Inc. DBA Varien.<br/>Copyright &copy; %s Irubin Consulting Inc."
"Magento&trade; is a trademark of Magento Inc.<br/>Copyright &copy; %s Magento Inc.","Magento&trade; is a trademark of Magento Inc.<br/>Copyright &copy; %s Magento Inc."
"Maintainers","Pemelihara"
"Make sure that data encoding in the file is consistent and saved in one of supported encodings (UTF-8 or ANSI).","Make sure that data encoding in the file is consistent and saved in one of supported encodings (UTF-8 or ANSI)."
"Manage Attribute Sets","Manage Attribute Sets"
"Manage Attributes","Manage Attributes"
"Manage Categories","Manage Categories"
"Manage Content","Manage Content"
"Manage Currency Rates","Mengurus Nilai Tukar Mata Uang"
"Manage Currency Symbols","Manage Currency Symbols"
"Manage Customers","Mengurus Pelanggan"
"Manage Installed Extensions","Mengurus Ekstensi yang Terinstall"
"Manage Options (values of your attribute)","Manage Options (values of your attribute)"
"Manage Ratings","Manage Ratings"
"Manage Stores","Mengurus Toko"
"Manage Tax Rules","Manage Tax Rules"
"Manage Tax Zones and Rates","Manage Tax Zones and Rates"
"Manage Titles (Size, Color, etc.)","Manage Titles (Size, Color, etc.)"
"Manage osCommerce Orders","Manage osCommerce Orders"
"Manage osCommerce Profiles","Manage osCommerce Profiles"
"Manual","Manual"
"Mapping Configuration","Mapping Configuration"
"Mass Product Assignment","Mass Product Assignment"
"Matched Expression","Matched Expression"
"Matched expression","Matched expression"
"Max","Maks"
"Maximum","Maksimum"
"Maximum sender name length is 255. Please correct your settings.","Maximum sender name length is 255. Please correct your settings."
"Mb","Mb"
"Media (.avi, .flv, .swf)","Media (.avi, .flv, .swf)"
"Media storages synchronization has completed!","Media storages synchronization has completed!"
"Merge Now","Merge Now"
"Messages Inbox","Messages Inbox"
"Min","Min"
"Minimum","Minimum"
"Module version conflict!","Module version conflict!"
"Month","Bulan"
"Most Viewed","Most Viewed"
"Most Viewed Products","Produk Paling Dilihat"
"Move to bottom","Move to bottom"
"Move to top","Move to top"
"Multiple Select","Multiple Select"
"My Account","Akun Saya"
"My Applications","My Applications"
"N/A","N/A"
"NOTICE","NOTICE"
"Name","Nama"
"Name on Card","Nama pada Kartu"
"Name on the Card: %s","Nama pada Kartu: %s"
"Name:","Nama:"
"Never (production)","Never (production)"
"New ","Baru "
"New API Key","API Key Baru"
"New Accounts","Akun Baru"
"New Api Key","Api Key Baru"
"New Attribute","Attribute Baru"
"New Block","Blok Baru"
"New Category","Category Baru"
"New Class","Class Baru"
"New Condition","Condition Baru"
"New Custom Variable","Custom Variable Baru"
"New Customer","Customer Baru"
"New Customers","Pelanggan Baru"
"New Design Change","Design Change Baru"
"New Email Template","Template Email Baru"
"New Extension","Ekstensi Baru"
"New Group","Group Baru"
"New Invoice","Invoice Baru"
"New Item Type","Item Type Baru"
"New Memo","Memo Baru"
"New Memo for #%s","Memo Baru for #%s"
"New Page","Page Baru"
"New Password","Kata Kunci Baru"
"New Poll","Poll Baru"
"New Profile","Profile Baru"
"New Rate","Rate Baru"
"New Rating","Rating Baru"
"New Review","Review Baru"
"New Role","Role Baru"
"New Rule","Rule Baru"
"New Search","Search Baru"
"New Set","Set Baru"
"New Shipment","Pengiriman Baru"
"New Sitemap","Sitemap Baru"
"New Store View","Tampilan Toko Baru"
"New System Template","Template Sistem Baru"
"New Tag","Tag Baru"
"New Template","Template Baru"
"New User","Pemakai Baru"
"New Variable","Variable Baru"
"New Website","Website Baru"
"New admin password","Kata kunci baru admin"
"New attribute set mapping","New attribute set mapping"
"New block","Blok Baru"
"New password field cannot be empty.","New password field cannot be empty."
"Newsletter","Newsletter"
"Newsletter Problems","Newsletter Problems"
"Newsletter Queue","Newsletter Queue"
"Newsletter Subscribers","Newsletter Subscribers"
"Newsletter Templates","Newsletter Templates"
"Next month (hold for menu)","Next month (hold for menu)"
"Next page","Halaman Selanjutnya"
"Next year (hold for menu)","Next year (hold for menu)"
"No","Tidak"
"No (price without tax)","Tidak (harga tanpa pajak)"
"No Data","Tidak ada data"
"No Data Found","Tidak ada data"
"No Extensions Found","Tidak ada Ekstensi"
"No Products","Tidak ada produk"
"No Templates Found","Tidak Ada Template yang Ditemukan"
"No change","No change"
"No customer id defined.","No customer id defined."
"No information available.","No information available."
"No profile","Tidak ada profile"
"No profile loaded...","Tidak ada profile yang dimasukkan..."
"No records found for this period.","Tidak ditemukan rekord untuk periode ini."
"No records found.","Rekord tidak ditemukan."
"No report code specified.","No report code specified."
"No search keywords.","Kata kunci pencarian tidak ada."
"No search modules registered","Tidak dapat menghapus perubahan desain"
"No search modules were registered","Tidak dapat menghapus perubahan desain"
"No wishlist item id defined.","No wishlist item id defined."
"None","Kosong"
"Not allowed","Not allowed"
"Note:","Note:"
"Notes","Catatan"
"Notes:","Catatan:"
"Notifications","Notifications"
"Number of Orders","Jumlah Pemesanan"
"Number of Use","Jumlah Penggunaan"
"Number of Uses","Jumlah Penggunaan"
"Number of Views","Number of Views"
"Number of records:","Number of records:"
"OAuth Consumers","OAuth Consumers"
"OAuth authorization for admin","OAuth authorization for admin"
"OAuth authorization simple for admin","OAuth authorization simple for admin"
"OK","OK"
"Old rate:","Nilai tukar lama:"
"Once you log into your PayPal Advanced account, navigate to the Service Settings - Hosted Checkout Pages - Set Up menu and set the options described below","Once you log into your PayPal Advanced account, navigate to the Service Settings - Hosted Checkout Pages - Set Up menu and set the options described below"
"Once you log into your PayPal Payflow Link account, navigate to the Service Settings - Hosted Checkout Pages - Set Up menu and set the options described below","Once you log into your PayPal Payflow Link account, navigate to the Service Settings - Hosted Checkout Pages - Set Up menu and set the options described below"
"One of options row has error","One of options row has error"
"One or more media files failed to be synchronized during the media storages syncronization process. Refer to the log file for details.","One or more media files failed to be synchronized during the media storages syncronization process. Refer to the log file for details."
"One or more of the Cache Types are invalidated:","One or more of the Cache Types are invalidated:"
"Online Customers","Online Customers"
"Only Once (version upgrade)","Only Once (version upgrade)"
"Only attributes with scope ""Global"", input type ""Dropdown"" and Use To Create Configurable Product ""Yes"" are available.","Hanya atribut dengan cakupan 'Umum', tipe masukan 'Dowpdown' dan Digunakan Untuk Membuat Produk dapat Dikonfigurasikan 'Ya' yang Tersedia"
"Only mapped fields","Hanya field yang dipetakan"
"Optional","Tidak Wajib"
"Options","Pilihan"
"Options is required","Pilihan is required"
"Options: ","Pilihan: "
"Order","Pesanan"
"Order #%s","Pesanan #%s"
"Order #%s (%s)","Pesanan #%s (%s)"
"Order Created Date","Pesanan Created Date"
"Order ID","Pesanan ID"
"Order Totals","Total Pesanan"
"Order Updated Date","Pesanan Updated Date"
"Order Updated Date report is real-time, does not need statistics refreshing.","Order Updated Date report is real-time, does not need statistics refreshing."
"Order confirmation email not sent","Email konfirmasi pembelian tidak terkirim"
"Order confirmation email sent","Email konfirmasi pembelian terkirim"
"Order not longer exist","Order not longer exist"
"Order not longer exist.","Order not longer exist."
"Orders","Pembelian"
"Original Magento attribute names in first row:","Nama atribut awal dari Magento ada pada baris pertama:"
"Out of stock","Out of stock"
"PDT (Payment Data Transfer) Only","PDT (Payment Data Transfer) Only"
"PEAR Configuration was successfully saved","Konfigurasi PEAR berhasil disimpan"
"PEAR Console","Konsol PEAR"
"PEAR config","Konfigurasi PEAR"
"PHP Version","Versi PHP"
"Package","Paket"
"Package %s data was successfully loaded","Data pake %s telah berhasil diambil"
"Package Extensions","Ektensi Paket"
"Package File Name","Package File Name"
"Package Info","Info Paket"
"Package Information","Informasi Paket"
"Packages","Paket"
"Page","Halaman"
"Pages","Pages"
"Parent Product Thumbnail","Thumbnail Produk Atas"
"Parent Transaction ID","Parent Transaction ID"
"Passive mode","Mode pasif"
"Password","Kata Kunci"
"Password Confirmation","Konfirmasi Kata Kunci"
"Password confirmation must be same as password.","Password confirmation must be same as password."
"Password must be at least of %d characters.","Password must be at least of %d characters."
"Password must include both numeric and alphabetic characters.","Password must include both numeric and alphabetic characters."
"Password:","Kata Kunci:"
"Path","Path"
"Path:","Path:"
"PayPal Email","PayPal Email"
"Payment Data Transfer (PDT)","Transfer Data Pembayaran (PDT)"
"Payment method instance is not available.","Payment method instance is not available."
"Payment method is not available.","Payment method is not available."
"Payment method must be specified","Metode pembayaran harus dispesifikasikan"
"Payment method must be specified.","Payment method must be specified."
"Pending Reviews","Pending Reviews"
"Pending Tags","Tag tertunda"
"Pending installation...","Pemasangan tertunda..."
"Per Item","Per barang"
"Per Order","Per Pembelian"
"Percent","Percent"
"Performed At","Dilakukan Pada"
"Period","Periode"
"Permanent (301)","Permanent (301)"
"Permissions","Izin"
"Personal Information","Informasi Pribadi"
"Phone:","Telefon:"
"Please Select","Silahkan Pilih"
"Please confirm site switching. All data that hasn't been saved will be lost.","Harap konfirmasikan pergantian situs. Sema data yang tidak disimpan akan hilang."
"Please confirm site switching. All data that hasn\'t been saved will be lost.","Harap konfirmasikan pergantian situs. Sema data yang tidak disimpan akan hilang."
"Please enter 6 or more characters.","Harap masukkan 6 atau lebih karakter."
"Please enter a number greater than 0 in this field.","Harap masukkan angka lebih besar dari 0 untuk field ini."
"Please enter a valid $ amount. For example $100.00.","Harap masukkan jumlah $ dengan benar. Seperti $100.00."
"Please enter a valid URL. For example http://www.example.com or www.example.com","Harap masukkan URL dengan benar. Seperti http://www.example.com atau www.example.com"
"Please enter a valid URL. http:// is required","Harap masukkan URL dengan benar. Sertakan http:// "
"Please enter a valid credit card number.","Harap masukkan nomer kartu kredit dengan benar."
"Please enter a valid date.","Harap masukkan tanggal dengan benar."
"Please enter a valid email address. For example johndoe@domain.com.","Harap masukkan alamat email dengan benar. Seperti johndoe@domain.com."
"Please enter a valid email.","Please enter a valid email."
"Please enter a valid number in this field.","Harap masukkan angka dengan benar untuk field ini."
"Please enter a valid phone number. For example (123) 456-7890 or 123-456-7890.","Harap masukkan nomer telefon dengan benar. Seperti (123) 456-7890 atau 123-456-7890."
"Please enter a valid social security number. For example 123-45-6789.","Harap masukkan nomer keamaan sosial. Seperti 123-45-6789."
"Please enter a valid value from list","Please enter a valid value from list"
"Please enter a valid value, ex: 10,20,30","Please enter a valid value, ex: 10,20,30"
"Please enter a valid zip code.","Harap masukkan nomer kode pos dengan benar."
"Please enter a valid zip code. For example 90602 or 90602-1234.","Harap masukkan nomer kode pos dengan benar. Seperti 90602 atau 90602-1234."
"Please enter another credit card number to complete your purchase.","Please enter another credit card number to complete your purchase."
"Please enter password","Silahkan masukkan kata sandi"
"Please enter password to confirm rollback.","Silahkan masukkan kata sandi to confirm rollback."
"Please enter valid password.","Harap masukkan kata kunci dengan benar."
"Please fill in 'email' field.","Harap isi field 'email'"
"Please make sure that all global admin search modules are installed and activated.","Harap pastikan bahwa modul pencarian umum admin sudah dipasang dan diaktifkan."
"Please make sure that your changes were saved before running the profile.","Harap pastikan bahwa perubahan yang anda lakukan sudah disimpan sebelum menjalankan pforil ini."
"Please make sure your passwords match.","Harap pastikan kata kunci anda sama."
"Please note, this category is set to automatically sort. Any drag-and-drop positions will be reset.","Please note, this category is set to automatically sort. Any drag-and-drop positions will be reset."
"Please select State/Province.","Harap pilih Negara Bagian/Provinsi."
"Please select a customer.","Harap pilih konsumen."
"Please select a store","Harap pilih toko"
"Please select a store.","Harap pilih toko."
"Please select an option.","Harap pilih pilihan"
"Please select catalog searches","Harap pilih pencarian katalog"
"Please select catalog searches.","Harap pilih catalog searches."
"Please select customer(s)","Harap pilih konsumen"
"Please select customer(s).","Harap pilih customer(s)."
"Please select message(s).","Harap pilih message(s)."
"Please select one of the above options.","Harap pilih salah satu pilihan diatas."
"Please select one of the options.","Harap pilih salah satu pilihan."
"Please select review(s)","Harap pilih review"
"Please select review(s).","Harap pilih review(s)."
"Please select tag(s)","Harap pilih tag"
"Please select tag(s).","Harap pilih tag(s)."
"Please specify admin custom URL","Harap pilih admin custom URL"
"Please specify at least start or end date.","Harap spesifikasikan setidaknya tanggal awal atau akhir"
"Please specify backup creation options","Harap pilih backup creation options"
"Please specify the admin custom URL.","Harap pilih the admin custom URL."
"Please try to logout and sign in again.","Please try to logout and sign in again."
"Please type the letters from the image:","Please type the letters from the image:"
"Please use in this field only ""a-z,0-9,_"".","Harap gunakan ""a-z,0-9,_"" untuk field ini."
"Please use letters only (a-z) in this field.","Harap gunakan huruf (a-z) untuk field ini."
"Please use numbers only in this field. Please avoid spaces or other characters such as dots or commas.","Harap gunakan angka untuk field ini. Hindari penggunaan spasi atau karakter lain seperti titik atau koma."""
"Please use numbers only in this field. please avoid spaces or other characters such as dots or commas.","Harap gunakan angka untuk field ini. Hindari penggunaan spasi atau karakter lain seperti titik atau koma."
"Please use only letters (a-z or A-Z), numbers (0-9) or spaces in this field.","Please use only letters (a-z or A-Z), numbers (0-9) or spaces in this field."
"Please use only letters (a-z) or numbers (0-9) only in this field. No spaces or other characters are allowed.","Harap gunakan huruf (a-z) atau angka (0-9) untuk filed ini. Spasi atau karekter lain tidak diperbolehkan."
"Please use only letters (a-z) or numbers (0-9) or spaces and # only in this field.","Harap gunakan huruf (a-z) atau angka (0-9) atau spasi dan # untuk field ini."
"Please use this date format: dd/mm/yyyy. For example 17/03/2006 for the 17th of March, 2006.","Harap gunakan format tanggal: dd/mm/yyyy. Seperti 20/10/1983 untuk 29 Oktober 1983."
"Please wait","Mohon tunggu"
"Please wait while the indexes are being refreshed.","Please wait while the indexes are being refreshed."
"Please wait, loading...","Harap tunggu, sedang mengambil..."
"Please wait...","Harap tunggu..."
"Please, add a few answers to this poll first","Harap tambahkan beberapa jawaban untuk polling ini."
"Please, add some answers to this poll first.","Please, add some answers to this poll first."
"Please, select ""Visible in Stores"" for this poll first.","Please, select ""Visible in Stores"" for this poll first."
"Please, select a store view","Please, select a store view"
"Please, select visible in stores to this poll first","Harap pilih toko yang ada untuk polling ini."
"Poll Manager","Mengurus Polling."
"Poll was successfully deleted","Polling berhasil dihapus"
"Poll was successfully saved","Polling berhasil disimpan"
"Polls","Polls"
"Popular","Popular"
"Position","Position"
"Position of Watermark for %s","Posisi stempel untuk %s"
"Preferred state","Keadaan  yang diinginkan"
"Pregenerated configurable swatches image files.","Pregenerated configurable swatches image files."
"Pregenerated product images files.","Pregenerated product images files."
"Preparing to change $pkg, please wait...","Bersiap untuk merubah $pkg, harap tunggu..."
"Prev. month (hold for menu)","Prev. month (hold for menu)"
"Prev. year (hold for menu)","Prev. year (hold for menu)"
"Preview","Tampilan"
"Preview Template","Tampilan Template"
"Previous page","Halaman sebelumnya"
"Price","Harga"
"Price alert subscription was saved successfully","Pendaftaran peringatan harga berhasil tersimpan"
"Price alert subscription was saved.","Price alert subscription was saved."
"Price:","Harga:"
"Primary Billing Address","Alamat Utama Penagihan"
"Processed <strong>%s%% %s/%d</strong> items","Processed <strong>%s%% %s/%d</strong> items"
"Processed <strong>%s%% %s/%d</strong> records","Memproses record <strong>%s%% %s/%d</strong>"
"Processing","Processing"
"Product","Produk"
"Product Name","Produk Nama"
"Product Reviews","Produk Reviews"
"Product Tax Classes","Produk Tax Classes"
"Product Thumbnail Itself","Thumbnail Produk Tersebut"
"Product is not loaded.","Produk is not loaded."
"Product not available in this website","Produk not available in this website"
"Product:","Produk:"
"Products","Produk"
"Products Bestsellers Report","Products Bestsellers Report"
"Products Most Viewed Report","Products Most Viewed Report"
"Products Ordered","Products Ordered"
"Products in Carts","Products in Carts"
"Profile Action","Profile Action"
"Profile Actions XML","Aksi Profile XML"
"Profile Direction","Arahan Profil"
"Profile History","Sejarah Profil"
"Profile Information","Informasi Paket"
"Profile Name","Profil Nama"
"Profile Payments","Profile Payments"
"Profile Schedule","Profile Schedule"
"Profile Wizard","Wizard Profil"
"Profile was deleted","Profil telah dihapus"
"Profile was successfully saved","Profil telah disimpan"
"Profiles","Profil"
"Promo","Promo"
"Promotions","Promosi"
"Provided Files","File Tersedia"
"Purchased Item","Purchased Item"
"Put store on the maintenance mode while backup creation","Put store on the maintenance mode while backup creation"
"Put store on the maintenance mode while rollback processing","Put store on the maintenance mode while rollback processing"
"Qty","Qty"
"Quantity","Kuantitas"
"Queue Refresh","Queue Refresh"
"Queued... Cancel","Queued... Cancel"
"REST Roles","REST Roles"
"Radio Buttons","Radio Buttons"
"Rates","Kurs"
"Rating was successfully deleted","Rating telah berhasil dihapus"
"Rating was successfully saved","Rating telah berhasil disimpan"
"Read details","Read details"
"Rebuild","Rebuild"
"Rebuild Catalog Index","Rebuild Catalog Index"
"Rebuild Flat Catalog Category","Rebuild Flat Catalog Category"
"Rebuild Flat Catalog Product","Rebuild Flat Catalog Product"
"Recent Orders","Pembelian Terbaru"
"Recent statistics have been updated.","Recent statistics have been updated."
"Recommended","Rekomendasi"
"Recurring Profile View","Recurring Profile View"
"Recursive Dir","Recursive Dir"
"Redirect","Redirect"
"Reference","Reference"
"Reference ID","Reference ID"
"Refresh","Refresh"
"Refresh Now*","Refresh Now*"
"Refresh Roles","Refresh Roles"
"Refresh Statistics","Refresh Statistics"
"Region/State","Wilayah/Negara Bagian"
"Regular Price:","Regular Price:"
"Reject","Reject"
"Reject token authorization Pop Up for admin","Reject token authorization Pop Up for admin"
"Reject token authorization for admin","Reject token authorization for admin"
"Rejection Of Authorization","Rejection Of Authorization"
"Release","Keluaran"
"Release Info","Info Keluaran"
"Release Stability","Stabilitas Keluaran"
"Release Version","Versi Keluaran"
"Reload captcha","Reload captcha"
"Remote Extension Info","Info Ekstensi Remote"
"Remote FTP","Remote FTP"
"Remote URL:","Remote URL:"
"Remove","Buang"
"Reports","Report"
"Request Path","Request Path"
"Required","Required"
"Reset","Reset"
"Reset Filter","Reset Filter"
"Reset Password","Reset Password"
"Reset a Password","Reset a Password"
"Resize","Resize"
"Resource Access","Resource Access"
"Resources","Resources"
"Results","Results"
"Retrieve Password","Retrieve Password"
"Return Html Version","Return Html Version"
"Revenue","Revenue"
"Reviews","Reviews"
"Reviews and Ratings","Reviews and Ratings"
"Rewrite Rules","Rewrite Rules"
"Role","Aturan"
"Role ID","ID Aturan"
"Role Info","Info Aturan"
"Role Information","Informasi Aturan"
"Role Name","Nama Aturan"
"Role Resources","Resource Aturan"
"Role Users","Aturan Pemakai"
"Role successfully deleted.","Aturan berhasil dihapus."
"Role successfully saved.","Aturan berhasil disimpan."
"Roles","Aturan"
"Roles Resources","Resource Access"
"Root Category","Root Category"
"Rotate CCW","Rotate CCW"
"Rotate CW","Rotate CW"
"Run","Run"
"Run Profile","Jalankan Profile"
"Run Profile In Popup","Jalankan Profile di Popup"
"Run Profile Inside This Window","Jalankan Profile dalam Jendela Ini"
"Run Profile in Popup","Run Profile in Popup"
"Run in popup","Janlankan di Popup"
"Running... Kill","Running... Kill"
"Running:","Berjalan:"
"SKU","SKU"
"SKU:","SKU:"
"SSL Error: Invalid or self-signed certificate","SSL Error: Invalid or self-signed certificate"
"Sales","Sales"
"Sales Report","Laporan Penjualan"
"Samples","Samples"
"Save","Simpan"
"Save & Generate","Save & Generate"
"Save Account","Simpan Akun"
"Save And Continue Edit","Simpan dan Lanjut Mengubah"
"Save As...","Save As..."
"Save Block","Save Blok"
"Save Cache Settings","Save Cache Settings"
"Save Config","Simpan Config"
"Save Currency Rates","Simpan Kurs Mata Uang"
"Save PEAR Config","Simpan Konfig PEAR"
"Save Profile","Simpan Profil"
"Save Role","Simpan Aturan"
"Save Template","Simpan Template"
"Save User","Simpan Pemakai"
"Save Variable","Save Variable"
"Save and Continue Edit","Simpan dan lanjutkan meredaksi"
"Save and Continue Editing","Simpan dan lanjut mengubah"
"Save cache settings","Simpan aturan cache"
"Save data and Create Package","Simpan data dan Buat Paket"
"Save package with custom package file name","Save package with custom package file name"
"Schedule Merge","Schedule Merge"
"Search","Cari"
"Search Index","Search Index"
"Search Index rebuild error. Please try again later","Search Index rebuild error. Please try again later"
"Search Index was rebuilt successfully","Search Index was rebuilt successfully"
"Search Term","Istilah Pencarian"
"Search Terms","Istilah Pencarian"
"Search entire store here...","Search entire store here..."
"Searching...","Searching..."
"Select","Pilih"
"Select All","Pilih Semua"
"Select Category","Select Category"
"Select Date","Pilih Tanggal"
"Select Range","Pilih Cakupan"
"Select Visible","Pilih yg Terlihat"
"Select date","Pilih tanggal"
"Select website from map","Pilih website from map"
"Select website to map","Pilih website to map"
"Selected allow currency ""%s"" is not available in installed currencies","Selected allow currency ""%s"" is not available in installed currencies"
"Selected allowed currency ""%s"" is not available in installed currencies.","Selected allowed currency ""%s"" is not available in installed currencies."
"Selected base currency is not available in installed currencies","Selected base currency is not available in installed currencies"
"Selected base currency is not available in installed currencies.","Selected base currency is not available in installed currencies."
"Selected default display currency is not available in allowed currencies","Selected default display currency is not available in allowed currencies"
"Selected default display currency is not available in allowed currencies.","Selected default display currency is not available in allowed currencies."
"Selected default display currency is not available in installed currencies","Selected default display currency is not available in installed currencies"
"Selected default display currency is not available in installed currencies.","Selected default display currency is not available in installed currencies."
"Self-assigned roles cannot be deleted.","Self-assigned roles cannot be deleted."
"Sender","Pengirim"
"Separate Email","Separate Email"
"Separate email","Separate email"
"Shipment #%s comment added","Komentar untuk pengiriman #%s ditambahkan"
"Shipment #%s created","Pengiriman #%s telah dibuat"
"Shipment Comments","Komentar Pengiriman"
"Shipment History","Sejarah Pengiriman"
"Shipment was successfully created.","Shipment was successfully created."
"Shipment was successfully sent.","Shipment was successfully sent."
"Shipments","Pengiriman"
"Shipping","Pengiriman"
"Shipping Address","Alamat pengiriman"
"Shipping Address: ","Alamat pengiriman: "
"Shipping Origin","Asal pengiriman"
"Shipping Price","Harga pengiriman"
"Shipping address","Alamat pengiriman"
"Shipping address selection is not applicable","Alamat pengiriman selection is not applicable."
"Shipping method must be specified","Metode pengiriman harus dispesifikasikan."
"Shipping method must be specified.","Metode pengiriman harus dispesifikasikan."
"Shipping method selection is not applicable","Metode pengiriman selection is not applicable."
"Shipping origin","Asal pengiriman"
"Shopping Cart","Keranjang belanja"
"Shopping Cart Price Rules","Keranjang belanja Price Rules"
"Shopping Cart from %s","Keranjang belanja dari %s"
"Show By","Show By"
"Show Report For:","Tampalkan Laporan untuk:"
"Show Report for","Tampalkan Laporan untuk"
"Show Reviews","Tampilkan Reviews"
"Show by","Tampilkan oleh"
"Show reviews","Tampilkan reviews"
"Sitemap Information","Informasi Sitemap"
"Size for %s","Ukuran untuk %s"
"Skip Category Selection","Skip Category Selection"
"Skip category selection","Skip category selection"
"Some items in this order have different invoice and shipment types. You can create shipment only after the invoice is created.","Some items in this order have different invoice and shipment types. You can create shipment only after the invoice is created."
"Some of the ordered items do not exist in the catalog anymore and will be removed if you try to edit the order.","Beberapa barang yang dipesan tidak ada di dalam katalog lagi dan akan dibuang jika anda mencoba untuk mengubah urutannya."
"Some of the ordered items don't exist in the catalog anymore and will be removed if you try to edit the order.","Beberapa barang yang dipesan tidak ada di dalam katalog lagi dan akan dibuang jika anda mencoba untuk mengubah urutannya."
"Sorry, this feature is coming soon...","Maaf, fitur ini akan ada segera..."
"Sort Order","Urutan"
"Sort options","Sort options"
"Special Price:","Harga spesial:"
"Specific Countries","Spesifik Negara"
"Specified","Specified"
"Specified profile does not exist.","Specified profile does not exist."
"Spreadsheet Name:","Nama Spreadsheet:"
"Stability","Stabilitas"
"Staging Store: ","Staging Store: "
"Staging Website: ","Staging Website: "
"Start Date","Tanggal Awal"
"Starting at:","Starting at:"
"Starting profile execution, please wait...","Memulai eksekusi profile, harap tunggu..."
"State/Province:","Negara Bagian/Provinsi:"
"Static Blocks","Static Blok"
"Status","Status"
"Status:","Status:"
"Stock Quantity:","Kuantitas Stok:"
"Stock notification was saved successfully","Notifikasi stok berhasil disimpan"
"Stock notification was saved.","Stock notification was saved."
"Store","Toko"
"Store Email Addresses Section","Store Email Addresses Section"
"Store View","Tampilan Toko"
"Store:","Toko:"
"Store: ","Store: "
"Storefronts : ","Storefronts : "
"Stores","Stores"
"Subject","Subyek"
"Submit","Kirim"
"Subpackage","Subpaket"
"Subpackage can't be conflicting","Subpaket tidak bisa konflik"
"Subpackage cannot be conflicting.","Subpackage cannot be conflicting."
"Subpackages","Subpaket"
"Subtotal","Subtotal"
"Subtotal Amount","Nilai Subtotal"
"Summary","Ringkasan"
"Summary:","Ringkasan:"
"Switch/Solo Only","Switch/Solo Only"
"Switch/Solo card issue number: %s","Switch/Solo card issue number: %s"
"Switch/Solo card start Date: %s/%s","Switch/Solo card start Date: %s/%s"
"Switch/Solo/Maestro Only","Switch/Solo/Maestro Only"
"Switch/Solo/Maestro(UK Domestic) Only","Switch/Solo/Maestro(UK Domestic) Only"
"Switch/Solo/Maestro(UK Domestic) card issue number: %s","Switch/Solo/Maestro(UK Domestic) card issue number: %s"
"Switch/Solo/Maestro(UK Domestic) card start Date: %s/%s","Switch/Solo/Maestro(UK Domestic) card start Date: %s/%s"
"Symbol","Symbol"
"Symlinks are enabled. This may expose security risks. We strongly recommend to disable them.","Symlinks are enabled. This may expose security risks. We strongly recommend to disable them."
"Synchronization is required.","Synchronization is required."
"Synchronization of media storages has been successfully completed.","Synchronization of media storages has been successfully completed."
"Synchronize","Synchronize"
"Synchronizing %s to %s","Synchronizing %s to %s"
"Synchronizing...","Synchronizing..."
"System","Sistem"
"System Section","System Section"
"System busy","System busy"
"Tag was successfully deleted","Tag berhasil dihapus"
"Tag was successfully saved","Tag berhasil disimpan"
"Tags","Tag"
"Target Path","Path Tujuan"
"Tax","Pajak"
"Tb","Tb"
"Template","Template"
"Template Content","Konten Template"
"Template Information","Informasi Template"
"Template Name","Nama Template"
"Template Styles","Template Styles"
"Template Subject","Subyek Template"
"Template Type","Tipe Template"
"Temporary (302)","Temporary (302)"
"Terms and Conditions","Terms and Conditions"
"Text","Text"
"The Catalog Rewrites were refreshed.","The Catalog Rewrites were refreshed."
"The CatalogInventory Stock Status has been rebuilt.","The CatalogInventory Stock Status has been rebuilt."
"The Comment Text field cannot be empty.","The Comment Text field cannot be empty."
"The Flat Catalog Product was rebuilt","The Flat Catalog Product was rebuilt"
"The JavaScript/CSS cache has been cleaned.","The JavaScript/CSS cache has been cleaned."
"The JavaScript/CSS cache has been cleared.","The JavaScript/CSS cache has been cleared."
"The Layered Navigation indexing has been queued.","The Layered Navigation indexing has been queued."
"The Layered Navigation indexing queue has been canceled.","The Layered Navigation indexing queue has been canceled."
"The Layered Navigation indices were refreshed.","The Layered Navigation indices were refreshed."
"The Layered Navigation process has been queued to be killed.","The Layered Navigation process has been queued to be killed."
"The Magento cache storage has been flushed.","The Magento cache storage has been flushed."
"The Special Price is active only when lower than the Actual Price.","The Special Price is active only when lower than the Actual Price."
"The URL Rewrite has been deleted.","The URL Rewrite has been deleted."
"The URL Rewrite has been saved.","The URL Rewrite has been saved."
"The account has been saved.","The account has been saved."
"The archive can be uncompressed with <a href=""%s"">%s</a> on Windows systems","The archive can be uncompressed with <a href=""%s"">%s</a> on Windows systems"
"The attribute set has been removed.","The attribute set has been removed."
"The backup's creation process will take time.","The backup's creation process will take time."
"The billing agreement has been canceled.","The Perjanjian Penagihan has been canceled."
"The billing agreement has been deleted.","The Perjanjian Penagihan has been deleted."
"The block has been saved.","The block has been saved."
"The cache storage has been flushed.","The cache storage has been flushed."
"The carrier needs to be specified.","The carrier needs to be specified."
"The catalog index has been rebuilt.","The catalog index has been rebuilt."
"The catalog rewrites have been refreshed.","The catalog rewrites have been refreshed."
"The configurable swatches image cache was cleaned.","The configurable swatches image cache was cleaned."
"The configuration has been saved.","The configuration has been saved."
"The credit memo has been canceled.","The penyesuaian faktur has been canceled."
"The credit memo has been created.","The penyesuaian faktur has been created."
"The credit memo has been voided.","The penyesuaian faktur has been voided."
"The custom variable has been deleted.","The custom variable has been deleted."
"The custom variable has been saved.","The custom variable has been saved."
"The customer has been deleted.","The customer has been deleted."
"The customer has been saved.","The customer has been saved."
"The design change has been deleted.","The design change has been deleted."
"The design change has been saved.","The design change has been saved."
"The email address is empty.","The email address is empty."
"The email template has been deleted.","The email template has been deleted."
"The email template has been saved.","The email template has been saved."
"The flat catalog category has been rebuilt.","The flat catalog category has been rebuilt."
"The group node name must be specified with field node name.","The group node name must be specified with field node name."
"The image cache was cleaned.","The image cache was cleaned."
"The image cache was cleared.","The image cache was cleared."
"The information in this tab has been changed.","Informasi pada tab ini berhasil diubah."
"The invoice and shipment have been created.","The invoice and shipment have been created."
"The invoice and the shipment  have been created. The shipping label cannot be created at the moment.","The invoice and the shipment  have been created. The shipping label cannot be created at the moment."
"The invoice has been canceled.","The invoice has been canceled."
"The invoice has been captured.","The invoice has been captured."
"The invoice has been created.","The invoice has been created."
"The invoice has been voided.","The invoice has been voided."
"The invoice no longer exists.","The invoice no longer exists."
"The item %s (SKU %s) does not exist in the catalog anymore.","The item %s (SKU %s) does not exist in the catalog anymore."
"The order does not allow creating an invoice.","The order does not allow creating an invoice."
"The order no longer exists.","The order no longer exists."
"The poll has been deleted.","The poll has been deleted."
"The poll has been saved.","The poll has been saved."
"The profile has been deleted.","The profile has been deleted."
"The profile has been saved.","The profile has been saved."
"The profile has been updated.","The profile has been updated."
"The profile has no changes.","The profile has no changes."
"The profile you are trying to save no longer exists","The profile you are trying to save no longer exists"
"The rating has been deleted.","The rating has been deleted."
"The rating has been saved.","The rating has been saved."
"The role has been deleted.","The role has been deleted."
"The role has been saved.","The role has been saved."
"The role has been successfully saved.","The role has been successfully saved."
"The roles have been refreshed.","The roles have been refreshed."
"The search index has been rebuilt.","The search index has been rebuilt."
"The shipment has been created.","The shipment has been created."
"The shipment has been sent.","The shipment has been sent."
"The shipping label has been created.","The shipping label has been created."
"The tag has been deleted.","The tag has been deleted."
"The tag has been saved.","The tag has been saved."
"The transaction details have been updated.","The transaction details have been updated."
"The user has been deleted.","The user has been deleted."
"The user has been saved.","The user has been saved."
"The variable has been saved.","The variable has been saved."
"Themes JavaScript and CSS files combined to one file.","Themes JavaScript and CSS files combined to one file."
"There is an error in one of the option rows.","There is an error in one of the option rows."
"This Account is","This Account is"
"This Email template no longer exists.","This Email template no longer exists."
"This Role no longer exists","This Role no longer exists"
"This Role no longer exists.","This Role no longer exists."
"This account is","Akun ini"
"This account is inactive.","This account is inactive."
"This action cannot be undone.","This action cannot be undone."
"This attribute set does not have attributes which we can use for configurable product","Atribut set ini tidak memiliki atribut yang dapat digunakan pada produk yang bisa dikonfigurasikan"
"This attribute set don't have attributes which we can use for configurable product","Atribut set ini tidak memiliki atribut yang dapat digunakan pada produk yang bisa dikonfigurasikan"
"This attribute shares the same value in all the stores","Atribut ini berbagi nilai yang sama pada semua toko"
"This block no longer exists.","This blok no longer exists."
"This category is set to only include products matched by rules","This category is set to only include products matched by rules"
"This is a demo store. Any orders placed through this store will not be honored or fulfilled.","This is a demo store. Any orders placed through this store will not be honored or fulfilled."
"This is a required field.","Field ini dibutuhkan."
"This product is currently disabled","This product is currently disabled"
"This product is currently disabled.","This product is currently disabled."
"This report depends on timezone configuration. Once timezone is changed, the lifetime statistics need to be refreshed.","This report depends on timezone configuration. Once timezone is changed, the lifetime statistics need to be refreshed."
"This section is not allowed.","This section is not allowed."
"This tab contains invalid data. Please solve the problem before saving.","Tab ini mengangund data yang salah. Harap perbaiki sebelum disimpan"
"This user no longer exists","Pemaikai sudah tidak ada lagi"
"This user no longer exists.","This user no longer exists."
"This variable no longer exists.","This variable no longer exists."
"Thumbnail","Thumbnail"
"Time","Time"
"Time selection:","Time selection:"
"Time:","Time:"
"Timeout limit for response from synchronize process was reached.","Timeout limit for response from synchronize process was reached."
"To","Ke"
"To cancel pending authorizations and release amounts that have already been processed during this payment, click Cancel.","To cancel pending authorizations and release amounts that have already been processed during this payment, click Cancel."
"To use PayPal Payflow Link, you must configure your PayPal Payflow Link account on the PayPal website.","To use PayPal Payflow Link, you must configure your PayPal Payflow Link account on the PayPal website."
"To use PayPal Payments Advanced, you must configure  your PayPal Payments Advanced account on the PayPal website.","To use PayPal Payments Advanced, you must configure  your PayPal Payments Advanced account on the PayPal website."
"Toggle Editor","Toggle Editor"
"Tools","Peralatan"
"Top 5 Search Terms","5 Istilah Pencarian Teratas"
"Total","Total"
"Total %d records found","Total %d rekord ditemukan"
"Total Amount","Jumlah Total"
"Total Invoiced","Total Faktur"
"Total Order Amount","Jumlah Total Pembelian"
"Total Refunded","Total Pemesanan"
"Total of %d record(s) have been deleted.","Total of %d record(s) have been deleted."
"Total of %d record(s) have been updated.","Total of %d record(s) have been updated."
"Total of %d record(s) were canceled.","Total of %d record(s) were canceled."
"Total of %d record(s) were deleted","Total of %d record(s) were deleted"
"Total of %d record(s) were deleted.","Total of %d record(s) were deleted."
"Total of %d record(s) were successfully deleted","Total %d rekord berhasil dihapus"
"Total of %d record(s) were successfully updated","Total %d rekord berhasil diubah"
"Total of %d record(s) were updated","Total of %d record(s) were updated"
"Total of %d record(s) were updated.","Total of %d record(s) were updated."
"Track Order","Track pesanan"
"Track order","Track pesanan"
"Track this shipment","Telusuri pengiriman ini"
"Tracking number %s for %s assigned","Telusuri nomer %s untuk %s yang sudah dipastikan"
"Tracking number can not be empty.","Tracking number can not be empty."
"Tracking number cannot be empty.","Tracking number cannot be empty."
"Transaction Data","Transaction Data"
"Transaction Details","Transaction Details"
"Transaction ID","Transaction ID"
"Transaction Type","Transaction Type"
"Transactional Emails","Email Transaksional"
"Transactions","Transactions"
"Try Magento Go for Free","Try Magento Go for Free"
"Type","Tipe"
"Type:","Tipe:"
"URL Rewrite","URL Rewrite"
"URL Rewrite Information","URL Rewrite Information"
"URL Rewrite Management","URL Rewrite Management"
"Unable to cancel the credit memo.","Unable to cancel the penyesuaian faktur."
"Unable to find a Email Template to delete.","Unable to find a Email Template to delete."
"Unable to find a block to delete.","Unable to find a blok to delete."
"Unable to find a poll to delete","Tidak dapat menemukan poll untuk dihapus"
"Unable to find a poll to delete.","Tidak dapat menemukan poll untuk dihapus."
"Unable to find a tag to delete","Tidak dapat menemukan tag untuk dihapus"
"Unable to find a tag to delete.","Tidak dapat menemukan tag untuk dihapus."
"Unable to find a user to delete","Tidak dapat menemukan pemakai untuk dihapus"
"Unable to find a user to delete.","Tidak dapat menemukan pemakai untuk dihapus."
"Unable to find a variable to delete.","Unable to find a variable to delete."
"Unable to initialize import model","Tidak dapat menginisialisasikan model impor"
"Unable to refresh lifetime statistics.","Unable to refresh lifetime statistics."
"Unable to refresh recent statistics.","Unable to refresh recent statistics."
"Unable to save Cron expression","Unable to save Cron expression"
"Unable to save the cron expression.","Unable to save the cron expression."
"Unable to save the invoice.","Unable to save the invoice."
"Unable to send the invoice email.","Unable to send the invoice email."
"Unable to send the shipment email.","Unable to send the shipment email."
"Unable to update transaction details.","Unable to update transaction details."
"Unable to void the credit memo.","Unable to void the credit memo."
"Uninstall","Mencopot"
"Uninstalling $pkg, please wait...","Mencopot $pkg, harap tunggu.."
"Uninstalling selected packages, please wait...","Mencopot paket yang dipilih, harap tunggu..."
"Unknown","Tidak diketahui"
"Unknown error","Kesalahan tidak diketahui"
"Unlimited","Unlimited"
"Unselect All","Tidak Pilih Semua"
"Unselect Visible","Tidak Pilih yang Tampak"
"Update","Update"
"Updated At","Diperbaharui Saat"
"Upgrade","Perbaharui"
"Upgrade All Available Packages","Perbaharui Semua Paket yang Ada"
"Upgrade all available packages","Perbaharui Semua Paket yang Ada"
"Upgrade all packages","Perbaharui semua paket"
"Upgrading $pkg, please wait...","Memperbaharui $pkg, harap tunggu..."
"Upgrading all available packages, please wait...","Memperbaharui semua paket yang ada, harap tunggu..."
"Upgrading all packages, please wait...","Memperbaharui semua paket, harap tunggu..."
"Upgrading selected packages, please wait...","Memperbaharui paket terpilih, harap tunggu..."
"Upload File","Upload File"
"Upload Files","Upload Beberapa File"
"Upload HTTP Error","Upload HTTP Error"
"Upload I/O Error","Upload I/O Error"
"Upload Local File","Upload Lokal File"
"Upload Security Error","Upload Keamanan Error"
"Upload and Install","Upload dan Install"
"Upload import file","Upload Impor File"
"Upload local file:","Upload lokal file:"
"Uploaded file is larger than %.2f kilobytes allowed by server","Uploaded file is larger than %.2f kilobytes allowed by server"
"Url Rewrite Management","Url Rewrite Management"
"Urlrewrite Information","Urlrewrite Information"
"Use All Available Attributes","Use All Available Attributes"
"Use Config Settings","Use Config Settings"
"Use Default","Use Default"
"Use Default Value","Gunakan Nilai Patokan"
"Use Default Variable Values","Use Default Variable Values"
"Use FTP Connection","Use FTP Connection"
"Use Website","Use Website"
"Use default","Gunakan patokan"
"Use website","Gunakan website"
"Used Currently For","Used Currently For"
"Used as Default For","Used as Default For"
"User","Pemakai"
"User Email","Email Pemakai"
"User ID","ID Pemakai"
"User Info","Info Pemakai"
"User Information","Informasi Pemakai"
"User Name","Nama Pemakai"
"User Name is required field.","User Nama is required field."
"User Name:","Nama Pemakai:"
"User Password","User Password"
"User Role","Aturan Pemakai"
"User Roles","Aturan Pemakai"
"User Roles Information","Informasi Aturan Pemakai"
"User Type Resources","User Type Resources"
"User name","Nama Pemakai"
"User was successfully deleted","Pemakai berhasil dihapus"
"User was successfully saved","Pemakai berhasil disimpan"
"User with the same User Name or Email aleady exists","Pemakai dengan Nama Pemakai yang sama atau Email yang sama telah ada"
"Users","Pemakai"
"Utilities","Utilities"
"VAT Number is Invalid","VAT Number is Invalid"
"VAT Number is Valid","VAT Number is Valid"
"Validation Results","Validation Results"
"Value","Value"
"Value Delimiter:","Pemisah Nilai"
"Variable","Variable"
"Variable Code","Variable Code"
"Variable Details","Variable Details"
"Variable HTML Value","Variable HTML Value"
"Variable ID","Variable ID"
"Variable Name","Variable Name"
"Variable Name is incorrect.","Variable Name is incorrect."
"Variable Name is required field.","Variable Name is required field."
"Variable Plain Value","Variable Plain Value"
"Variable has been deleted.","Variable has been deleted."
"Variables","Variables"
"Verifier code: %s","Verifier code: %s"
"Version","Versi"
"Version:","Versi:"
"View","Tampilkan"
"View Actions XML","Tampilkan Aksi XML"
"View Full Size","Tampilkan Full Size"
"View Memo","Tampilkan Memo"
"View Memo for #%s","Tampilkan Memo for #%s"
"View Shipment","Tampilkan Pengiriman"
"View Statistics For:","Tampilkan Statistics For:"
"View Statistics for","Tampilkan Statistik untuk"
"Visibility:","Penapakan:"
"Warning","Perhatian"
"Warning! Empty value can cause problems with CSV format.","Perhatian! Empty value can cause problems with CSV format."
"Warning!\r\nThis action will remove this user from already assigned role\r\nAre you sure?","Perhatian!\r\nThis action will remove this user from already assigned role\r\nAre you sure?"
"Warning!\r\nThis action will remove those users from already assigned roles\r\nAre you sure?","Perhatian!\r\nThis action will remove those users from already assigned roles\r\nAre you sure?"
"Warning: Please do not close the window during importing/exporting data","Perhatian: Harap jangan mentutup jendela ini selama mengimport/mengkespo data"
"Warning: Please don't close window during importing/exporting data","Perhatian: Harap jangan mentutup jendela ini selama mengimport/mengkespo data"
"Watermark File for %s","File stempel untuk %s"
"We appreciate our merchants\' feedback, please <a href=""#"" onclick=""surveyAction(\'yes\'); return false;"">take our survey</a> to provide insight on the features you would like included in Magento. <a href=""#"" onclick=""surveyAction(\'no\'); return false;"">Remove this notification</a>","We appreciate our merchants\' feedback, please <a href=""#"" onclick=""surveyAction(\'yes\'); return false;"">take our survey</a> to provide insight on the features you would like included in Magento. <a href=""#"" onclick=""surveyAction(\'no\'); return false;"">Remove this notification</a>"
"We're in our typing table, coding away more features for Magento. Thank you for your patience.","Kita sedang mengkoding fitur-fitur lainnya untuk Magento. Terima kasih untuk kesabaran anda."
"We\'re in our typing table, coding away more features for Magento. Thank you for your patience.","Kita sedang mengkoding fitur-fitur lainnya untuk Magento. Terima kasih untuk kesabaran anda."
"Web Section","Web Section"
"Web Services","Web Services"
"Web services","Web services"
"Website","Website"
"Website: ","Website: "
"Websites","Websites"
"Websites / Stores","Websites / Stores"
"What is this?","Apa ini?"
"Wishlist Report","Laporan Daftar Keinginan"
"Wishlist item is not loaded.","Wishlist item is not loaded."
"Wrong account specified.","Wrong account specified."
"Wrong billing agreement ID specified.","Wrong billing agreement ID specified."
"Wrong column format","Format kolom salah"
"Wrong column format.","Wrong column format."
"Wrong newsletter template.","Wrong newsletter template."
"Wrong quote item.","Wrong quote item."
"Wrong tab configuration","Konfigurasi tab salah"
"Wrong tab configuration.","Wrong tab configuration."
"Wrong tag was specified.","Wrong tag was specified."
"Wrong transaction ID specified.","Wrong transaction ID specified."
"XML","XML"
"XML data is invalid.","XML data is invalid."
"XML object is not instance of ""Varien_Simplexml_Element"".","XML object is not instance of ""Varien_Simplexml_Element""."
"YTD","YTD"
"Year","Tahun"
"Yes","Ya"
"Yes (301 Moved Permanently)","Yes (301 Moved Permanently)"
"Yes (302 Found)","Yes (302 Found)"
"Yes (only price with tax)","Ya (hanya harga dengan pajak)"
"You can not delete self assigned roles.","Anda tidak dapat aturan yang diberikan diri sendiri."
"You cannot delete account of yourself","Anda tidak dapat menghapus akun anda sendiri."
"You cannot delete your own account.","You cannot delete your own account."
"You did not sign in correctly or your account is temporarily disabled.","You did not sign in correctly or your account is temporarily disabled."
"You have","You have"
"You have %s unread message(s).","You have %s unread message(s)."
"You have %s unread message(s). <a href=""%s"">Go to messages inbox</a>.","You have %s unread message(s). <a href=""%s"">Go to messages inbox</a>."
"You have %s, %s and %s unread messages. <a href=""%s"">Go to messages inbox</a>.","You have %s, %s and %s unread messages. <a href=""%s"">Go to messages inbox</a>."
"You have logged out.","You have logged out."
"You have not enough permissions to use this functionality.","You have not enough permissions to use this functionality."
"You have not enought permissions to login.","Anda tidak memiliki izin untuk login."
"You have not enought permissions to use this functionality.","Anda tidak memiliki izin untuk menggunakan fungsi."
"You must have JavaScript enabled in your browser to utilize the functionality of this website.","You must have JavaScript enabled in your browser to utilize the functionality of this website."
"You need specify carrier.","You need specify carrier."
"You need to specify order items","You need to specify order items"
"You need to specify order items.","You need to specify order items."
"You successfully logged out.","Anda berhasil logout."
"You will need to wait when the action ends.","You will need to wait when the action ends."
"Your answers contain duplicates.","Jawaban anda mengandung duplikasi"
"Your password has been updated.","Your password has been updated."
"Your password reset link has expired.","Your password reset link has expired."
"Your server PHP settings allow you to upload files not more than %s at a time. Please modify post_max_size (currently is %s) and upload_max_filesize (currently is %s) values in php.ini if you want to upload larger files.","Your server PHP settings allow you to upload files not more than %s at a time. Please modify post_max_size (currently is %s) and upload_max_filesize (currently is %s) values in php.ini if you want to upload larger files."
"Your web server is configured incorrectly. As a result, configuration files with sensitive information are accessible from the outside. Please contact your hosting provider.","Your web server is configured incorrectly. As a result, configuration files with sensitive information are accessible from the outside. Please contact your hosting provider."
"Zip/Postal Code","Kode Pos"
"Zip/Postal Code:","Kode Pos:"
"[ deleted ]","[ terhapus ]"
"[GLOBAL]","[GLOBAL]"
"[STORE VIEW]","[STORE VIEW]"
"[WEBSITE]","[WEBSITE]"
"[deleted]","[terhapus]"
"b","b"
"close","close"
"critical","critical"
"example: ""sitemap/"" or ""/"" for base path (path must be writeable)","example: ""sitemap/"" or ""/"" for base path (path must be writeable)"
"example: sitemap.xml","example: sitemap.xml"
"failed","failed"
"from","from"
"images/logo.gif","images/logo.gif"
"items selected","barang yang terpilih"
"major","major"
"md5sum","md5sum"
"minor","minor"
"notice","notice"
"of %s pages","dari %s halaman"
"or","or"
"per page","per halaman"
"store(%s) scope","cakupan toko(%s)"
"successful","successful"
"to","Ke"
"website(%s) scope","Cakupan website (%s)"
"{{base_url}} is not recommended to use in a production environment to declare the Base Unsecure URL / Base Secure URL. It is highly recommended to change this value in your Magento <a href=""%s"">configuration</a>.","{{base_url}} is not recommended to use in a production environment to declare the Base Unsecure URL / Base Secure URL. It is highly recommended to change this value in your Magento <a href=""%s"">configuration</a>."
"{{base_url}} is not recommended to use in a production environment to declare the Base Unsecure Url / Base Secure Url. It is highly recommended to change this value in your Magento <a href=""%s"">configuration</a>.","{{base_url}} is not recommended to use in a production environment to declare the Base Unsecure Url / Base Secure Url. It is highly recommended to change this value in your Magento <a href=""%s"">configuration</a>."
